ticketNo,price,line1,line2,line3,line4,line5,line6,line7,line8,line9,line10,line11,line12,line13,line14,line15,line16,line17,line18,line19,line18,line19,line20,line21,line22,line23,line24,line25,line26,line27,line28,line29,line30,line31,line32
0,0,Colombo Fort,Colombo Fort,Negombo,Colombo Fort,Mawanella,Colombo Fort,Colombo Fort,Colombo Fort,Nawam Mawatha,Negombo,Colombo Fort,Colombo Fort,Colombo Fort,Colombo Fort,Colombo Fort,Colombo Fort,Colombo Fort,Colombo Fort,Chilaw,Chilaw,Colombo Fort,Hatton,Colombo Fort,Colombo Fort,Colombo Fort,Kandy,Colombo Fort,Colombo Fort,Colombo Fort,Moratuwa,Colombo Fort,Colombo Fort,Colombo Fort,Colombo Fort
1,28,Maligawatta,Galleface,Thelwatta,Maligawatta,Anwaram,Maligawatta,Maligawatta,Maligawatta,Glass House,Thelwatta,Maligawatta,Galleface,Gamini Hall,Jethawanaramaya Temple,Jethawanaramaya Temple,Jethawanaramaya Temple,Jethawanaramaya Temple,Jethawanaramaya Temple,Merawala,Merawala,Jethawanaramaya Temple,Malliyapu Junction,Maligawatta,Maligawatta,Maligawatta,Mahaiyawa B.M.C Junction,Maligawatta,Maligawatta,Maligawatta,Katubedda,Maligawatta,Maligawatta,Maligawatta,Maligawatta
2,36,Kelanitissa,Kollupitiya,Kuurana,Kelanitissa,Uthuwankanda,Kelanitissa,Kelanitissa,Kelanitissa,Race Course,Kuurana,Kelanitissa,Kollupitiya,Town Hall,Thotalanga,Thotalanga,Thotalanga,Thotalanga,Thotalanga,Kaakkapalliya,Kaakkapalliya,Thotalanga,Dimale,Kelanitissa,Kelanitissa,Kelanitissa,Katugastota,Kelanitissa,Kelanitissa,Kelanitissa,Rathmalana,Kelanitissa,Kelanitissa,Kelanitissa,Kelanitissa
3,47,4th Milepost,Bambalapitiya,20th Milepost,4th Milepost,Mangalagama,4th Milepost,4th Milepost,4th Milepost,Jaawatta,20th Milepost,4th Milepost,Bambalapitiya,Thimbirigasyaya,Peliyagoda,Peliyagoda,Peliyagoda,Peliyagoda,Peliyagoda,Pammbala,Pammbala,Peliyagoda,Woodland Bazaar,4th Milepost,4th Milepost,4th Milepost,4th Lane ,4th Milepost,4th Milepost,4th Milepost,Mt. Lavinia,4th Milepost,4th Milepost,4th Milepost,4th Milepost
4,58,Thorana Handiya,Wellawatta,18th Milepost,Thorana Handiya,Molagoda,Thorana Handiya,Thorana Handiya,Thorana Handiya,Borella,18th Milepost,Thorana Handiya,Wellawatta,Kirulapone,Wattala Postoffice,Wattala Postoffice,Wattala Postoffice,Wattala Postoffice,Wattala Postoffice,Galahitiyawa Handiya,Galahitiyawa Handiya,Wattala Postoffice,Kuilwatte,Thorana Handiya,Thorana Handiya,Thorana Handiya,Ambathenna ,Thorana Handiya,Thorana Handiya,Thorana Handiya,Dehiwala,Thorana Handiya,Thorana Handiya,Thorana Handiya,Thorana Handiya
5,69,University of Kelaniya,Dehiwala,Awariwatta,University of Kelaniya,Karandupotha,University of Kelaniya,University of Kelaniya,University of Kelaniya,Dematagoda,Awariwatta,University of Kelaniya,Dehiwala,Nugegoda,Maabola,Maabola,Maabola,Maabola,Maabola,Madampe,Madampe,Maabola,Rossella,University of Kelaniya,University of Kelaniya,University of Kelaniya,Akurana Town,University of Kelaniya,University of Kelaniya,University of Kelaniya,Wellawatta,University of Kelaniya,University of Kelaniya,University of Kelaniya,University of Kelaniya
6,80,Kiribathgoda,Mt.Lavinia,Naikanda,Kiribathgoda,Meepitiya,Kiribathgoda,Kiribathgoda,Kiribathgoda,Kelanitissa,Naikanda,Kiribathgoda,Mt.Lavinia,Delkanda,Mahabage,Mahabage,Mahabage,Mahabage,Mahabage,Mahawewa,Mahawewa,Mahabage,Watawala Sinhala Vidyalaya,Kiribathgoda,Kiribathgoda,Kiribathgoda,Akurana 7th Milepost,Kiribathgoda,Kiribathgoda,Kiribathgoda,Kirulapone,Kiribathgoda,Kiribathgoda,Kiribathgoda,Kiribathgoda
7,91,Mahara,Rathmalana,Aadiambalama Handiya,Mahara,Kegalle,Mahara,Mahara,Mahara,4th Milepost,Aadiambalama Handiya,Mahara,Rathmalana,Nawinna,Kandana ,Kandana ,Kandana ,Kandana ,Kandana ,Thalwila,Thalwila,Kandana ,Watawala,Mahara,Mahara,Mahara,8th Milepost,Mahara,Mahara,Mahara,Narahenpita,Mahara,Mahara,Mahara,Mahara
8,94,Kadawatha,Katubedda,Peellawatta,Kadawatha,Ranwala Handiya,Kadawatha,Kadawatha,Kadawatha,Thorana Handiya,Peellawatta,Kadawatha,Katubedda,Maharagama,Kapuwatta,Kapuwatta,Kapuwatta,Kapuwatta,Kapuwatta,Marawila,Marawila,Kapuwatta,Karalina,Kadawatha,Kadawatha,Kadawatha,Alawathugoda,Kadawatha,Kadawatha,Kadawatha,Borella,Kadawatha,Kadawatha,Kadawatha,Kadawatha
9,102,Gonahena,Moratuwa,Yatiyana,Gonahena,Ambanpitiya,Gonahena,Gonahena,Gonahena,University of Kelaniya,Yatiyana,Gonahena,Moratuwa,Pannipitiya,Ja-Ela Bus Stand,Ja-Ela Bus Stand,Ja-Ela Bus Stand,Ja-Ela Bus Stand,Ja-Ela Bus Stand,Marawila Hospital,Marawila Hospital,Ja-Ela Bus Stand,Diyagala Junction,Gonahena,Gonahena,Gonahena,Balakaduwa Junction ,Gonahena,Gonahena,Gonahena,Dematagoda,Gonahena,Gonahena,Gonahena,Gonahena
10,109,Indigahamulla,Koralawella,Minuwangoda Bus Stand,Indigahamulla,Galigamuwa,Indigahamulla,Indigahamulla,Indigahamulla,Kiribathgoda,Minuwangoda Bus Stand,Indigahamulla,Koralawella,Kottawa,Thudella,Thudella,Thudella,Thudella,Thudella,Katuneriya,Katuneriya,Thudella,Kadawala Tamil Vidyalaya,Indigahamulla,Indigahamulla,Indigahamulla,Warakamuuna,Indigahamulla,Indigahamulla,Indigahamulla,Kelanitissa,Indigahamulla,Indigahamulla,Indigahamulla,Indigahamulla
11,116,Kirillawala,Egodauyana,Waagowwa Handiya,Kirillawala,Ballapana Handiya,Kirillawala,Kirillawala,Kirillawala,Mahara,Waagowwa Handiya,Kirillawala,Egodauyana,Makumbura,Dandugama,Dandugama,Dandugama,Dandugama,Dandugama,,,Dandugama,Ginigathhena Council,Kirillawala,Kirillawala,Kirillawala,Aelwala Junction,Kirillawala,Kirillawala,Kirillawala,4th Milepost,Kirillawala,Kirillawala,Kirillawala,Kirillawala
12,122,Trackmo Handiya,Aluth Palama,Pamunuwa Handiya,Trackmo Handiya,Siyambalapitiya,Trackmo Handiya,Trackmo Handiya,Trackmo Handiya,Kadawatha,Pamunuwa Handiya,Trackmo Handiya,Aluth Palama,Homagama,Seeduwa,Seeduwa,Seeduwa,Seeduwa,Seeduwa,Wennappuwa,Wennappuwa,Seeduwa,Ginigathhena,Trackmo Handiya,Trackmo Handiya,Trackmo Handiya,Hospital Junction,Trackmo Handiya,Trackmo Handiya,Trackmo Handiya,Thorana Handiya,Trackmo Handiya,Trackmo Handiya,Trackmo Handiya,Trackmo Handiya
13,129,Mudungoda,Panadura,Dewalapola Handiya,Mudungoda,Batapolathanna,Mudungoda,Mudungoda,Mudungoda,Gonahena,Dewalapola Handiya,Mudungoda,Panadura,Panagoda Army Camp,Liyanagemulla,Liyanagemulla,Liyanagemulla,Liyanagemulla,Liyanagemulla,Dummalldeniya,Dummalldeniya,Liyanagemulla,Bagathuluwa Pansala,Mudungoda,Mudungoda,Mudungoda,Mathale,Mudungoda,Mudungoda,Mudungoda,University of Kelaniya,Mudungoda,Mudungoda,Mudungoda,Mudungoda
14,136,Miriswatta,Nalluruwa Handiya,Walpitamulla,Miriswatta,Nelumdeniya,Miriswatta,Miriswatta,Miriswatta,Indigahamulla,Walpitamulla,Miriswatta,Nalluruwa Handiya,Godagama,18th Milepost,18th Milepost,18th Milepost,18th Milepost,18th Milepost,Nainamadama,Nainamadama,18th Milepost,Ambagamuwa Pansala,Miriswatta,Miriswatta,Miriswatta,Alu Viharaya,Miriswatta,Miriswatta,Miriswatta,Kiribathgoda,Miriswatta,Miriswatta,Miriswatta,Miriswatta
15,142,Yakkala,Thalpititya,Naiwala Handiya,Yakkala,Gasnawawatta Handiya,Yakkala,Yakkala,Yakkala,Kirillawala,Naiwala Handiya,Yakkala,Thalpititya,Naduhena,20th Milepost,20th Milepost,20th Milepost,20th Milepost,20th Milepost,Waikkala,Waikkala,20th Milepost,Balanthota Bodhirukkharama Viharaya,Yakkala,Yakkala,Yakkala,Thotagamuwa,Yakkala,Yakkala,Yakkala,Mahara,Yakkala,Yakkala,Yakkala,Yakkala
16,147,Aluthgama,Wadduwa,Wataddara,Aluthgama,Tholangamuwa,Aluthgama,Aluthgama,Aluthgama,Trackmo Handiya,Wataddara,Aluthgama,Wadduwa,Watareka 20th Milepost,Kuurana,Kuurana,Kuurana,Kuurana,Kuurana,Thoopuwa Handiya,Thoopuwa Handiya,Kuurana,Rambukpitiya Maha Vidyalaya,Aluthgama,Aluthgama,Aluthgama,Palapathwala,Aluthgama,Aluthgama,Aluthgama,Kadawatha,Aluthgama,Aluthgama,Aluthgama,Aluthgama
17,154,Kalagedihena,Molligoda,Veyangoda Bus Stand,Kalagedihena,Mahena,Kalagedihena,Kalagedihena,Kalagedihena,Mudungoda,Veyangoda Bus Stand,Kalagedihena,Molligoda,Galagedra Bridge,Thelwatta,Thelwatta,Thelwatta,Thelwatta,Thelwatta,Kochchikade,Kochchikade,Thelwatta,3rd Junction ,Kalagedihena,Kalagedihena,Kalagedihena,Kawatayamuna,Kalagedihena,Kalagedihena,Kalagedihena,Gonahena,Kalagedihena,Kalagedihena,Kalagedihena,Kalagedihena
18,160,Thihariya,Pothupitiya,Udammita,Thihariya,Ambepussa,Thihariya,Thihariya,Thihariya,Miriswatta,Udammita,Thihariya,Pothupitiya,Meepe Handiya,Periyamulla,Periyamulla,Periyamulla,Periyamulla,Periyamulla,Daluwakotuwa,Daluwakotuwa,Periyamulla,Karahandungala Para,Thihariya,Thihariya,Thihariya,Kawudulu Pelella,Thihariya,Thihariya,Thihariya,Indigahamulla,Thihariya,Thihariya,Thihariya,Thihariya
19,167,Nittambuwa Sangabodi,Wadiyamankada,Nittambuwa,Nittambuwa Sangabodi,Warakapola,Nittambuwa Sangabodi,Nittambuwa Sangabodi,Nittambuwa Sangabodi,Yakkala,Nittambuwa,Nittambuwa Sangabodi,Wadiyamankada,Mawathagama,Dalupatha,Dalupatha,Dalupatha,Dalupatha,Dalupatha,Dalupatha,Dalupatha,Dalupatha,Nawalapitiya,Nittambuwa Sangabodi,Nittambuwa Sangabodi,Nittambuwa Sangabodi,Mathale North,Nittambuwa Sangabodi,Nittambuwa Sangabodi,Nittambuwa Sangabodi,Kirillawala,Nittambuwa Sangabodi,Nittambuwa Sangabodi,Nittambuwa Sangabodi,Nittambuwa Sangabodi
20,173,Nittambuwa,Nagashandiya,Kalalpitiya,Nittambuwa,Dummaldeniya,Nittambuwa,Nittambuwa,Nittambuwa,Aluthgama,Kalalpitiya,Nittambuwa,Nagashandiya,Waththekade,Daluwakotuwa,Daluwakotuwa,Daluwakotuwa,Daluwakotuwa,Daluwakotuwa,Periyamulla,Periyamulla,Daluwakotuwa,Nawalapitiya Railway Gate,Nittambuwa,Nittambuwa,Nittambuwa,Madawala Ulpatha,Nittambuwa,Nittambuwa,Nittambuwa,Trackmo Handiya,Nittambuwa,Nittambuwa,Nittambuwa,Nittambuwa
21,180,Kalalpitiya,Kalutara,Pasyala,Kalalpitiya,Danowita,Kalalpitiya,Kalalpitiya,Kalalpitiya,Kalagedihena,Pasyala,Kalalpitiya,Kalutara,Pahathgama,Kochchikade,Kochchikade,Kochchikade,Kochchikade,Kochchikade,Thelwatta,Thelwatta,Kochchikade,Pattunupittya Railway Gate,Kalalpitiya,Kalalpitiya,Kalalpitiya,Koholanwala,Kalalpitiya,Kalalpitiya,Kalalpitiya,Mudungoda,Kalalpitiya,Kalalpitiya,Kalalpitiya,Kalalpitiya
22,185,Pasyala,Katukurunda Handiya,Kajugama,Pasyala,Wewaldeniya,Pasyala,Pasyala,Pasyala,Thihariya,Kajugama,Pasyala,Katukurunda Handiya,Kaluaggala,Thoopuwa Handiya,Thoopuwa Handiya,Thoopuwa Handiya,Thoopuwa Handiya,Thoopuwa Handiya,Kuurana,Kuurana,Thoopuwa Handiya,Pallegama Nandaramaya,Pasyala,Pasyala,Pasyala,Udu Deniya,Pasyala,Pasyala,Pasyala,Miriswatta,Pasyala,Pasyala,Pasyala,Pasyala
23,193,Kajugama,Malegoda,Radawadunna,Kajugama,Radawadunna,Kajugama,Kajugama,Kajugama,Nittambuwa Sangabodi,Radawadunna,Kajugama,Malegoda,Suduwella,Waikkala,Waikkala,Waikkala,Waikkala,Waikkala,20th Milepost,20th Milepost,Waikkala,Ulapane Kadevidiya,Kajugama,Kajugama,Kajugama,Nalanda,Kajugama,Kajugama,Kajugama,Yakkala,Kajugama,Kajugama,Kajugama,Kajugama
24,198,Radawadunna,Payagala,Wewaldeniya,Radawadunna,Kajugama,Radawadunna,Radawadunna,Radawadunna,Nittambuwa,Wewaldeniya,Radawadunna,Payagala,Shaalawa,Nainamadama,Nainamadama,Nainamadama,Nainamadama,Nainamadama,18th Milepost,18th Milepost,Nainamadama,Thambiligalawatta Para,Radawadunna,Radawadunna,Radawadunna,Dumgamwela,Radawadunna,Radawadunna,Radawadunna,Aluthgama,Radawadunna,Radawadunna,Radawadunna,Radawadunna
25,205,Wewaldeniya,Maggona,Danowita,Wewaldeniya,Pasyala,Wewaldeniya,Wewaldeniya,Wewaldeniya,Kalalpitiya,Danowita,Wewaldeniya,Maggona,Kosgama,Dummalldeniya,Dummalldeniya,Dummalldeniya,Dummalldeniya,Dummalldeniya,Liyanagemulla,Liyanagemulla,Dummalldeniya,Lakshapilla,Wewaldeniya,Wewaldeniya,Wewaldeniya,Arangala,Wewaldeniya,Wewaldeniya,Wewaldeniya,Kalagedihena,Wewaldeniya,Wewaldeniya,Wewaldeniya,Wewaldeniya
26,211,Danowita,Polkotuwa,Dummaldeniya,Danowita,Kalalpitiya,Danowita,Danowita,Danowita,Pasyala,Dummaldeniya,Danowita,Polkotuwa,Aluth Ambalama,Wennappuwa,Wennappuwa,Wennappuwa,Wennappuwa,Wennappuwa,Seeduwa,Seeduwa,Wennappuwa,Ethgala Sri Bodhirajaramaya,Danowita,Danowita,Danowita,Naula Bus Stop,Danowita,Danowita,Danowita,Thihariya,Danowita,Danowita,Danowita,Danowita
27,218,Dummaldeniya,Beruwala,Warakapola,Dummaldeniya,Nittambuwa,Dummaldeniya,Dummaldeniya,Dummaldeniya,Kajugama,Warakapola,Dummaldeniya,Beruwala,Hingurala,,,,,,Dandugama,Dandugama,,Mariyawattha Kadevidiya,Dummaldeniya,Dummaldeniya,Dummaldeniya,Modella Primary School,Dummaldeniya,Dummaldeniya,Dummaldeniya,Nittambuwa Sangabodi,Dummaldeniya,Dummaldeniya,Dummaldeniya,Dummaldeniya
28,223,Warakapola,Hettimulla Handiya,Ambepussa,Warakapola,Nittambuwa Sangabodi,Warakapola,Warakapola,Warakapola,Radawadunna,Ambepussa,Warakapola,Hettimulla Handiya,Puwakpitiya,Katuneriya,Katuneriya,Katuneriya,Katuneriya,Katuneriya,Thudella,Thudella,Katuneriya,Gampola,Warakapola,Warakapola,Warakapola,Mahaweli Junction,Warakapola,Warakapola,Warakapola,Nittambuwa,Warakapola,Warakapola,Warakapola,Warakapola
29,231,Ambepussa,Moragalla,Mahena,Ambepussa,Thihariya,Ambepussa,Ganithapura,Ganithapura,Wewaldeniya,Mahena,Ambepussa,Moragalla,Ukkwatta,Marawila Hospital,Marawila Hospital,Marawila Hospital,Marawila Hospital,Marawila Hospital,Ja-Ela Bus Stand,Ja-Ela Bus Stand,Marawila Hospital,Bothalapitiya,Ambepussa,Ambepussa,Ambepussa,Lenadora Maliyadeva Viharaya,Ambepussa,Ambepussa,Ambepussa,Kalalpitiya,Ambepussa,Ambepussa,Ambepussa,Ambepussa
30,238,Mahena,Aluthgama,Tholangamuwa,Mahena,Kalagedihena,Mahena,Thalliyadda,Thalliyadda,Danowita,Tholangamuwa,Mahena,Aluthgama,Awissawella,Marawila,Marawila,Marawila,Marawila,Marawila,Kapuwatta,Kapuwatta,Marawila,Galagediyaawa,Mahena,Mahena,Mahena,Pannampitiya Vidyalaya,Naangalla,Naangalla,Naangalla,Pasyala,Naangalla,Naangalla,Naangalla,Mahena
31,243,Tholangamuwa,Benthota,Gasnawawatta Handiya,Tholangamuwa,Aluthgama,Tholangamuwa,Koongoda Handiya,Dorawaka,Dummaldeniya,Gasnawawatta Handiya,Tholangamuwa,Benthota,Maadola,Thalwila,Thalwila,Thalwila,Thalwila,Thalwila,Kandana,Kandana,Thalwila,Waeligalla,Tholangamuwa,Tholangamuwa,Tholangamuwa,40th Milepost,Thulhiriya,Thulhiriya,Thulhiriya,Kajugama,Thulhiriya,Thulhiriya,Thulhiriya,Tholangamuwa
32,251,Gasnawawatta Handiya,Warahena,Nelumdeniya,Gasnawawatta Handiya,Yakkala,Gasnawawatta Handiya,Niyadurupola,Galamuna Wele Kade,Warakapola,Nelumdeniya,Gasnawawatta Handiya,Warahena,Dehigahapitiya,Mahawewa,Mahawewa,Mahawewa,Mahawewa,Mahawewa,Mahabage,Mahabage,Mahawewa,Gelioya,Gasnawawatta Handiya,Gasnawawatta Handiya,Gasnawawatta Handiya,Dhambulu Oya,Alawwa Handiya,Alawwa Handiya,Alawwa Handiya,Radawadunna,Alawwa Handiya,Alawwa Handiya,Alawwa Handiya,Gasnawawatta Handiya
33,256,Nelumdeniya,Induruwa,Batapolathanna ,Nelumdeniya,Miriswatta,Nelumdeniya,Hallawa,Kohombadeniya School Halt,Ambepussa,Batapolathanna ,Nelumdeniya,Induruwa,Gatahaththa,Madampe,Madampe,Madampe,Madampe,Madampe,Maabola,Maabola,Madampe,Kossinna,Nelumdeniya,Nelumdeniya,Nelumdeniya,Kapuwattha,Alawwa,Alawwa,Alawwa,Wewaldeniya,Alawwa,Alawwa,Alawwa,Nelumdeniya
34,263,Batapolathanna ,Maha Induruwa,Siyambalapitiya,Batapolathanna ,Mudungoda,Batapolathanna ,Galapitamada,Manikkadawara,Mahena,Siyambalapitiya,Batapolathanna ,Maha Induruwa,Minnana,Galahitiyawa Handiya,Galahitiyawa Handiya,Galahitiyawa Handiya,Galahitiyawa Handiya,Galahitiyawa Handiya,Wattala Postoffice,Wattala Postoffice,Galahitiyawa Handiya,Angunawala,Batapolathanna ,Batapolathanna ,Batapolathanna ,Vihara Junction,Kapuwarala,Kapuwarala,Kapuwarala,Danowita,Kapuwarala,Kapuwarala,Kapuwarala,Batapolathanna 
35,269,Siyambalapitiya,Duuwa Modara,Ballapana Handiya,Siyambalapitiya,Trackmo Handiya,Siyambalapitiya,,Imbulowita,Tholangamuwa,Ballapana Handiya,Siyambalapitiya,Duuwa Modara,Thoranakada,Pammbala,Pammbala,Pammbala,Pammbala,Pammbala,Peliyagoda,Peliyagoda,Pammbala,Peradeniya,Siyambalapitiya,Siyambalapitiya,Siyambalapitiya,Dambulla,Walakumbura,Walakumbura,Walakumbura,Dummaldeniya,Walakumbura,Walakumbura,Walakumbura,Siyambalapitiya
36,276,Ballapana Handiya,Kosgoda,Galigamuwa,Ballapana Handiya,Kirillawala,Ballapana Handiya,,,Gasnawawatta Handiya,Galigamuwa,Ballapana Handiya,Kosgoda,Mooragala Handiya,Kaakkapalliya,Kaakkapalliya,Kaakkapalliya,Kaakkapalliya,Kaakkapalliya,Kelanitissa,Kelanitissa,Kaakkapalliya,Gatambe,Ballapana Handiya,Ballapana Handiya,Ballapana Handiya,Mirisgoniyawa,Morawalapitiya,Morawalapitiya,Morawalapitiya,Warakapola,Morawalapitiya,Morawalapitiya,Morawalapitiya,Ballapana Handiya
37,282,Galigamuwa,Ahungalla,Ambanpitiya,Galigamuwa,Indigahamulla,Galigamuwa,,,Nelumdeniya,Ambanpitiya,Galigamuwa,Ahungalla,Eheliyagoda,Merawala,Merawala,Merawala,Merawala,Merawala,Dematagoda,Dematagoda,Merawala,Mulgampola,Galigamuwa,Galigamuwa,Galigamuwa,Pelwahara Seed Farm,Polgahawela,Polgahawela,Polgahawela,Ambepussa,Polgahawela,Polgahawela,Polgahawela,Galigamuwa
38,289,Ambanpitiya,Pathegama,Ranwala Handiya,Ambanpitiya,Gonahena,Ambanpitiya,,,Batapolathanna ,Ranwala Handiya,Ambanpitiya,Pathegama,Maahingoda,Chilaw,Chilaw,Chilaw,Chilaw,Chilaw,Borella,Borella,Chilaw,Kandy,Ambanpitiya,Ambanpitiya,Ambanpitiya,Pelwahara Junior School,Godawela,Godawela,Godawela,Naangalla,Godawela,Godawela,Godawela,Ambanpitiya
39,294,Ranwala Handiya,Balapitiya,Kegalle,Ranwala Handiya,Kadawatha,Ranwala Handiya,,,Siyambalapitiya,Kegalle,Ranwala Handiya,Balapitiya,Thalaawitiya,Thembilla Moola,Thembilla Moola,Thembilla Moola,Thembilla Moola,Thembilla Moola,Rajagiriya,Narahenpita,Thembilla Moola,Mahaiyawa B.M.C Junction,Ranwala Handiya,Ranwala Handiya,Ranwala Handiya,Rotarigama,Kahawatte Ela,Kahawatte Ela,Kahawatte Ela,Thulhiriya,Kahawatte Ela,Kahawatte Ela,Kahawatte Ela,Ranwala Handiya
40,301,Kegalle,Balapitiya Hospital,,Kegalle,Mahara,Kegalle,,,Ballapana Handiya,Meepitiya,Kegalle,Balapitiya Hospital,Bodhi Maluwa,Deduruoya Bridge,Deduruoya Bridge,Deduruoya Bridge,Deduruoya Bridge,Deduruoya Bridge,Ethul Kotte Junction,,Deduruoya Bridge,Katugastota,Kegalle,Kegalle,Kegalle,Inaamaluwa,Hondella,Hondella,Hondella,Alawwa Handiya,Hondella,Hondella,Hondella,Kegalle
41,307,Meepitiya,Randoba,,Ashokaramaya,Kiribathgoda,Meepitiya,,,Galigamuwa,Karandupotha,Meepitiya,Randoba,Parakaduwa,Bangadeniya Handiya,Bangadeniya Handiya,Bangadeniya Handiya,Bangadeniya Handiya,Bangadeniya Handiya,Baththaramulla,,Bangadeniya Handiya,4th Lane ,Meepitiya,Meepitiya,Meepitiya,,Bulugolla,Bulugolla,Bulugolla,Alawwa,Bulugolla,Bulugolla,Bulugolla,Meepitiya
42,314,Karandupotha,Ambalangoda,,Paragammana Handiya,University of Kelaniya,Karandupotha,,,Ambanpitiya,Molagoda,Karandupotha,Ambalangoda,Thiriwaana 43th Milepost,Raajakadaluwa,Raajakadaluwa,Raajakadaluwa,Diganwewa,Diganwewa,Palawatta Junction,,Raajakadaluwa,Ambathenna ,Karandupotha,Karandupotha,Karandupotha,,Pothuhera,Pothuhera,Pothuhera,Kapuwarala,Pothuhera,Pothuhera,Pothuhera,Karandupotha
43,320,Molagoda,Madampe,,Maathura School Halt,Thorana Handiya,Molagoda,,,Ranwala Handiya,Mangalagama,Molagoda,Madampe,Pussella,Arachchikattuwa,Arachchikattuwa,Arachchikattuwa,Dematapitiya,Dematapitiya,Thalawathugoda,,Arachchikattuwa,Akurana Town,Molagoda,Molagoda,Molagoda,Maagallena,Dambokka,Dambokka,Dambokka,Walakumbura,Dambokka,Dambokka,Dambokka,Molagoda
44,327,Mangalagama,Akurala,,Hettimulla Handiya,4th Milepost,Mangalagama,,,Kegalle,Uthuwankanda,Mangalagama,Akurala,Millawitiya,Nalladarankattuwa,Nalladarankattuwa,Nalladarankattuwa,Nelumkuliya,Nelumkuliya,Polwatta Junction,,Nalladarankattuwa,Akurana 7th Milepost,Mangalagama,Mangalagama,Mangalagama,Digampathana,Wanduragala,Wanduragala,Wanduragala,Morawalapitiya,Wanduragala,Wanduragala,Wanduragala,Mangalagama
45,332,Uthuwankanda,Kahawa,,5th Milepost,Kelanitissa,Uthuwankanda,,,Meepitiya,Anwaram,Uthuwankanda,Kahawa,Higgashena,Anawilundawa,Anawilundawa,Anawilundawa,Kumara Kattuwa,Kumara Kattuwa,Pannipitiya,,Anawilundawa,8th Milepost,Uthuwankanda,Uthuwankanda,Uthuwankanda,Awudangawa,Wahara,Wahara,Wahara,Polgahawela,Wahara,Wahara,Wahara,Uthuwankanda
46,340,Anwaram,Thelwatta,,Moronthota,Dematagoda,Anwaram,,,Karandupotha,Mawanella,Anwaram,Weragoda,Kuruwita Bus Halt,,,,Mandalaana,Mandalaana,Maharagama,,,Alawathugoda,Anwaram,Anwaram,Anwaram,Hiriwadunna School Halt,,,,Godawela,,,,Anwaram
47,345,Mawanella,Sinigama,,Maaboopitiya Handiya,Borella,Mawanella,,,Molagoda,Beligammana,Mawanella,Mitiyaagoda,Paradise Handiya,Baththuluoya,Baththuluoya,Baththuluoya,Puliyankulam,Puliyankulam,,,Baththuluoya,Balakaduwa Junction ,Mawanella,Mawanella,Mawanella,Habarana,Kurunegala,Kurunegala,Kurunegala,Kahawatte Ela,Kurunegala,Kurunegala,Kurunegala,Mawanella
48,352,Beligammana,Hikkaduwa,,Undugoda Nikapitiya Handiya,Narahenpita,Kappagoda Handiya,,,Mangalagama,Higula,Beligammana,Nindaana,Batuhena School Halt,Tharawilluwa,Tharawilluwa,Tharawilluwa,Pallama,Pallama,,,Tharawilluwa,Warakamuuna,Beligammana,Beligammana,Beligammana,Sigiriya Junction,Polattapitiya,Polattapitiya,Polattapitiya,Hondella,Polattapitiya,Polattapitiya,Polattapitiya,Beligammana
49,358,Higula,Naarigama,,Thannimale,,Daaswatta Handiya,,,Uthuwankanda,Ganethanna,Higula,Batapola,Panukaraapitiya,Keeriyankalliya,Keeriyankalliya,Keeriyankalliya,Poththukulam,Poththukulam,,,Keeriyankalliya,Aelwala Junction,Higula,Higula,Higula,,,,,Bulugolla,,,,Higula
50,365,Ganethanna,Kumarakanda Handiya,,,,Ussaapitiya,,,Anwaram,Pahala Kadugannawa,Ganethanna,Kahatapitiya,Farmgarden,Mundalama Hospital,Mundalama Hospital,Mundalama Hospital,Adammana,Adammana,,,Mundalama Hospital,Hospital Junction,Ganethanna,Ganethanna,Ganethanna,Moragaswewa,Yaggapitiya,Yaggapitiya,Yaggapitiya,Pothuhera,Yaggapitiya,Yaggapitiya,Yaggapitiya,Ganethanna
51,371,Pahala Kadugannawa,Dodanduwa,,,,Alupotha,,,Mawanella,Kadugannawa,Pahala Kadugannawa,Maanampitigama,Hospital Junction,Mundalama,Mundalama,Mundalama,Serukale,Serukale,,,Mundalama,Mathale,Pahala Kadugannawa,Pahala Kadugannawa,Pahala Kadugannawa,,Thorayaya,Thorayaya,Thorayaya,Dambokka,Thorayaya,Thorayaya,Thorayaya,Pahala Kadugannawa
52,378,Kadugannawa,Rathgama,,,,Polambeegoda,,,Beligammana,Henawala,Kadugannawa,Apegama Handiya,Rathnapura Bus Halt,Katanahenawatta,Katanahenawatta,Katanahenawatta,Siyambalagaswewa,Siyambalagaswewa,,,Katanahenawatta,Alu Viharaya,Kadugannawa,Kadugannawa,Kadugannawa,Ambagasawewa,Kiriwawula,Kiriwawula,Kiriwawula,Wanduragala,Kiriwawula,Kiriwawula,Kiriwawula,Kadugannawa
53,383,Henawala,Bussa Army Camp,,,,Gawilipitiya,,,Higula,Pilimathalawa,Henawala,Waaniyawela Ambalama,Rathnapura Deport,Nawadankulama,Nawadankulama,Nawadankulama,Naagawila,Naagawila,,,Nawadankulama,Thotagamuwa,Henawala,Henawala,Henawala,,Daeduru oya,Daeduru oya,Daeduru oya,Wahara,Daeduru oya,Daeduru oya,Daeduru oya,Henawala
54,390,Pilimathalawa,Ginthota,,,,Dippitiya,,,Ganethanna,Ambilmigama,Pilimathalawa,Duunawatta,Batugedara School Halt,Mangalaeliya,Mangalaeliya,Mangalaeliya,Andigama,Andigama,,,Mangalaeliya,Palapathwala,Pilimathalawa,Pilimathalawa,Pilimathalawa,,Pannala,Pannala,Pannala,,Pannala,Pannala,Pannala,Pilimathalawa
55,398,Ambilmigama,Ginthota Deport,,,,Habalanthota Handiya,,,Pahala Kadugannawa,Kiribathkumbura,Ambilmigama,Baddegama,Thiriwana Katiya Handiya,Ambaweli Bridge,Ambaweli Bridge,Ambaweli Bridge,Garaayakgama,Garaayakgama,,,Ambaweli Bridge,Kawatayamuna,Ambilmigama,Ambilmigama,Ambilmigama,,Ihbbagamuwa,Ihbbagamuwa,Ihbbagamuwa,Kurunegala,Ihbbagamuwa,Ihbbagamuwa,Ihbbagamuwa,Ambilmigama
56,403,Kiribathkumbura,Maha Modara,,,,Thalgaspitiya,,,Kadugannawa,Peradeniya,Kiribathkumbura,,Palwaadiya,10th Milepost,10th Milepost,10th Milepost,Mudalakkuliya,Mudalakkuliya,,,10th Milepost,Kawudulu Pelella,Kiribathkumbura,Kiribathkumbura,Kiribathkumbura,,Thalgodapitiya,Thalgodapitiya,Thalgodapitiya,Polattapitiya,Thalgodapitiya,Thalgodapitiya,Thalgodapitiya,Kiribathkumbura
57,410,Peradeniya,Galle,,,,Pethigammana 1st Milepost,,,Henawala,Gatambe,Peradeniya,,Pathulpaana School Halt,Madurankuliya,Madurankuliya,Madurankuliya,Sangattikulama,Sangattikulama,,,Madurankuliya,Mathale North,Peradeniya,Peradeniya,Peradeniya,Batu Oya,Ipalawa,Ipalawa,Ipalawa,,Ipalawa,Ipalawa,Ipalawa,Peradeniya
58,416,Gatambe,Moodaela,,,,Hemmathagama,,,Pilimathalawa,Mulgampola,Gatambe,,Welimaluwa,Semmbatta Church,Semmbatta Church,Semmbatta Church,Uthpalawatta,Uthpalawatta,,,Semmbatta Church,Madawala Ulpatha,Gatambe,Gatambe,Gatambe,Minneriya Railway Station,Polgolla,Polgolla,Polgolla,Yaggapitiya,Polgolla,Polgolla,Polgolla,Angunawala
59,423,Mulgampola,Dewata Handiya,,,,,,,Ambilmigama,Kandy,Mulgampola,,Lellupitiya Handiya,Kariikattiya,Kariikattiya,Kariikattiya,Kumaragama,Kumaragama,,,Kariikattiya,Koholanwala,Mulgampola,Mulgampola,Mulgampola,,Gokarella,Gokarella,Gokarella,Thorayaya,Gokarella,Gokarella,Gokarella,Kossinna
60,429,Kandy,Unawatuna,,,,,,,Kiribathkumbura,,Kandy,,Dippitigala,Naagawilluwa,Naagawilluwa,Naagawilluwa,Kothwalakanda,Kothwalakanda,,,Naagawilluwa,Udu Deniya,Kandy,Kandy,Kandy,Minneriya,Ambanpola,Ambanpola,Ambanpola,Kiriwawula,Ambanpola,Ambanpola,Ambanpola,Gelioya
61,434,,Dalawella,,,,,,,Peradeniya,,Swiss Hotel,,Paathakada,Paalawiya Handiya,Paalawiya Handiya,Paalawiya Handiya,Anamaduwa,Anamaduwa,,,Paalawiya Handiya,Nalanda,Swiss Hotel,Swiss Hotel,Swiss Hotel,Rajaela Junction,Melsiripura,Melsiripura,Melsiripura,Daeduru oya,Melsiripura,Melsiripura,Melsiripura,Waeligalla
62,440,,Talpe,,,,,,,Gatambe,,Buuwalikada,,Ganeegama,Thilladi,Thilladi,Thilladi,,Kudawewa Handiya,,,Thilladi,Dumgamwela,Buuwalikada,Buuwalikada,Buuwalikada,CP Pura,Diyatura,Diyatura,Diyatura,Pannala,Diyatura,Diyatura,Diyatura,Galagediyaawa
63,447,,Habaraduwa,,,,,,,Mulgampola,,Thannekumbura,,Pelmadulla,Lung Hospital,Lung Hospital,Lung Hospital,,Periyakulama Temple Junction,,,Lung Hospital,Arangala,Thannekumbura,Thannekumbura,Thannekumbura,Giritale Tank,Na bata,Na bata,Na bata,Ihbbagamuwa,Na bata,Na bata,Na bata,Bothalapitiya
64,452,,Koggala,,,,,,,Kandy,,Kundasale,,Batalanda,Puttalama Bus Stand,Puttalama Bus Stand,Puttalama Bus Stand,,Thalgaswewa,,,Puttalama Bus Stand,Naula Bus Stop,Kundasale,Kundasale,Kundasale,Giritale Gam School,Kuuratiya,Kuuratiya,Kuuratiya,Thalgodapitiya,Kuuratiya,Kuuratiya,Kuuratiya,Gampola
65,459,,Kathaluwa,,,,,,,,,Gammudawa,,Panawenna,Seenkudi irappu,Seenkudi irappu,Seenkudi irappu,,Labugala Rajamaha Viharaya,,,Seenkudi irappu,Modella Primary School,Gammudawa,Gammudawa,Gammudawa,Jayanthipura Junction,Omaragolla Handiya,Omaragolla Handiya,Omaragolla Handiya,Ipalawa,Omaragolla Handiya,Omaragolla Handiya,Omaragolla Handiya,Mariyawattha Kadevidiya
66,465,,Wallheengoda,,,,,,,,,Pallekale Army Camp,,Ketetanna,3rd Milepost,3rd Milepost,3rd Milepost,,Merungoda,,,3rd Milepost,Mahaweli Junction,Pallekale Army Camp,Pallekale Army Camp,Pallekale Army Camp,Nikawewa,Beligamuwa,Beligamuwa,Beligamuwa,Polgolla,Beligamuwa,Beligamuwa,Beligamuwa,Ethgala Sri Bodhirajaramaya
67,472,,Ahangama,,,,,,,,,Balagolla,,Kahawatta Bus Halt,4th Milepost,4th Milepost,4th Milepost,,Mahauswewa,,,4th Milepost,Lenadora Maliyadeva Viharaya,Balagolla,Balagolla,Balagolla,Badiwewa,Kanaadana,Kanaadana,Kanaadana,Gokarella,Kanaadana,Kanaadana,Kanaadana,Lakshapilla
68,478,,Gowiyapaana,,,,,,,,,Kengalla,,Yaainna Handiya,6th Milepost,6th Milepost,6th Milepost,,Welewewa,,,6th Milepost,Pannampitiya Vidyalaya,Kengala,Kengala,Kengala,Gal Viharaya Junction,Galewela,Galewela,Galewela,Ambanpola,Galewela,Galewela,Galewela,Thambiligalawatta Para
69,485,,Midigama,,,,,,,,,Kalasirigama Handiya,,Ellagewatta Handiya,7th Milepost,7th Milepost,7th Milepost,,Mullegama,,,7th Milepost,40th Milepost,Digana,Digana,Digana,Polonnaruwa,Puwakpitiya,Puwakpitiya,Puwakpitiya,Melsiripura,Puwakpitiya,Puwakpitiya,Puwakpitiya,Ulapane Kadevidiya
70,490,,Kumbalgama,,,,,,,,,Menikhinna,,Ambalanwatta,8th Milepost,8th Milepost,8th Milepost,,Nawagaththegama,,,8th Milepost,Dhambulu Oya,Gonawala School Halt,Gonawala School Halt,Gonawala School Halt,Kuruppu Junction,Kolombagolla,Kolombagolla,Kolombagolla,Diyatura,Kolombagolla,Kolombagolla,Kolombagolla,Pallegama Nandaramaya
71,498,,Weligama,,,,,,,,,,,Maadampe Handiya,9th Milepost,9th Milepost,9th Milepost,,Kirimatiyaawa,,,9th Milepost,Kapuwattha,Gomagoda Bo Tree,Gomagoda Bo Tree,Gomagoda Bo Tree,Palugasdamana,Yatigalapoththa,Yatigalapoththa,Yatigalapoththa,Na bata,Yatigalapoththa,Yatigalapoththa,Yatigalapoththa,Pattunupittya Railway Gate
72,503,,Palaana,,,,,,,,,,,Kawuduwaawa,10th Milepost,10th Milepost,10th Milepost,,Pulleewa,,,10th Milepost,Vihara Junction,Oruthota Bo Tree,Oruthota Bo Tree,Oruthota Bo Tree,Walekada,Pahala Wewa,Pahala Wewa,Pahala Wewa,Kuuratiya,Pahala Wewa,Pahala Wewa,Pahala Wewa,Nawalapitiya Railway Gate
73,510,,Polathumodara,,,,,,,,,,,Allpitiya,12th Milepost,12th Milepost,12th Milepost,,Palugaswewa,,,12th Milepost,Dambulla,Madapola,Madapola,Madapola,Kumaraswamy Wadiya,Thalkiriyagama,Thalkiriyagama,Thalkiriyagama,Omaragolla Handiya,Thalkiriyagama,Thalkiriyagama,Thalkiriyagama,Nawalapitiya
74,516,,Mirissa,,,,,,,,,,,Malwatta,14th Milepost,14th Milepost,14th Milepost,,Nallachchiya Handiya,,,14th Milepost,Mirisgoniyawa,Theldeniya,Theldeniya,Theldeniya,Wawetanna,Ihbbankatuwa,Ihbbankatuwa,Ihbbankatuwa,Beligamuwa,Ihbbankatuwa,Ihbbankatuwa,Ihbbankatuwa,Karahandungala Para
75,521,,Thalaramba,,,,,,,,,,,Godakawela,15th Milepost,15th Milepost,15th Milepost,,Mahaa Naanneriya Handiya,,,15th Milepost,Buulagama,Rambukkwella Rajamaha Viharaya,Rambukkwella Rajamaha Viharaya,Rambukkwella Rajamaha Viharaya,Kumbukkanara,Rangiri Dambulu Cricket Ground,Rangiri Dambulu Cricket Ground,Rangiri Dambulu Cricket Ground,Kanaadana,Rangiri Dambulu Cricket Ground,Rangiri Dambulu Cricket Ground,Rangiri Dambulu Cricket Ground,3rd Junction
76,529,,Kamburugamuwa,,,,,,,,,,,Kossnathota,17th Milepost,17th Milepost,17th Milepost,,Pairikkulama,,,17th Milepost,Kitulhitiyawa,,,,,Dambulla,Dambulla,Dambulla,Galewela,Dambulla,Dambulla,Dambulla,Rambukpitiya Maha Vidyalaya
77,534,,Walgama,,,,,,,,,,,Balawinna Town,18th Milepost,18th Milepost,18th Milepost,,Ihala Naanneriya,,,18th Milepost,Bodhiya Junction,Waagala Bo Tree,Waagala Bo Tree,Waagala Bo Tree,Tambaala,Mirisgoniyawa,Mirisgoniyawa,Mirisgoniyawa,Puwakpitiya,Mirisgoniyawa,Mirisgoniyawa,Mirisgoniyawa,Balanthota Bodhirukkharama Viharaya
78,541,,Nuupe,,,,,,,,,,,Karuwalagaha Turn,19th Milepost,19th Milepost,19th Milepost,,Thaambare,,,19th Milepost,Madatugama,Waagala School Halt,Waagala School Halt,Waagala School Halt,Talapath Aruwa,Pelwahara Seed Farm,Buulagama,Buulagama,Kolombagolla,Buulagama,Buulagama,Buulagama,Ambagamuwa Pansala
79,547,,Mathara,,,,,,,,,,,Pallebadda,21st Milepost,21st Milepost,21st Milepost,,Ihalagama Handiya,,,21st Milepost,Kotaagala,Galmaloya Vishnu Dewalaya,Galmaloya Vishnu Dewalaya,Galmaloya Vishnu Dewalaya,,Pelwahara Junior School,Kitulhitiyawa,Kitulhitiyawa,Yatigalapoththa,Kitulhitiyawa,Kitulhitiyawa,Kitulhitiyawa,Bagathuluwa Pansala
80,554,,Thudawa,,,,,,,,,,,Giradura,Kala Oya,Kala Oya,Kala Oya,,Palukandeewa,,,Kala Oya,Kailapathana Junction,Udathenna,Udathenna,Udathenna,Daelpalama,Rotarigama,Bodhiya Junction,Bodhiya Junction,Pahala Wewa,Bodhiya Junction,Bodhiya Junction,Bodhiya Junction,Ginigathhena
81,559,,Naadaagala,,,,,,,,,,,Koswatiya Bo Tree,Puttalama Junction,Puttalama Junction,Puttalama Junction,,Galgamuwa,,,Puttalama Junction,Elagamuwa,Mada Mahanuwara,Mada Mahanuwara,Mada Mahanuwara,,Inaamaluwa,Madatugama,Madatugama,Thalkiriyagama,Madatugama,Madatugama,Madatugama,Ginigathhena Council
82,567,,Banndaththara,,,,,,,,,,,Dematagala,Thammannawa Handiya,Thammannawa Handiya,Thammannawa Handiya,,,,,Thammannawa Handiya,Korasgala,Waathalawa,Waathalawa,Waathalawa,Kamburaana,,Kotaagala,Kotaagala,Ihbbankatuwa,Kotaagala,Kotaagala,Kotaagala,Kadawala Tamil Vidyalaya
83,572,,Thihagoda,,,,,,,,,,,Sankapaala,Pahala Maragahawewa,Pahala Maragahawewa,Pahala Maragahawewa,,,,,Pahala Maragahawewa,Kolombaawa,Gaalekale,Gaalekale,Gaalekale,Sungavila,,Kailapathana Junction,Kailapathana Junction,Rangiri Dambulu Cricket Ground,Kailapathana Junction,Kailapathana Junction,Kailapathana Junction,Diyagala Junction
84,579,,Paloolpitiya,,,,,,,,,,,Kolambagee Aara School Halt,Willpattuwa Junction,Willpattuwa Junction,Willpattuwa Junction,,,,,Willpattuwa Junction,Kekirawa,Hunnassgiriya,Hunnassgiriya,Hunnassgiriya,Jayasingha Buddhist Center,Maagallena,Elagamuwa,Elagamuwa,Dambulla,Elagamuwa,Elagamuwa,Elagamuwa,Karalina
85,585,,Akurugoda,,,,,,,,,,,Kolambagee Aara,Nekeththegama,Nekeththegama,Nekeththegama,,,,,Nekeththegama,Deport Junction,Kewulagama Handiya,Kewulagama Handiya,Kewulagama Handiya,,Digampathana,Korasgala,Korasgala,Mirisgoniyawa,Korasgala,Korasgala,Korasgala,Watawala
86,592,,Mapalana,,,,,,,,,,,96 KM Post,Lindawewa,Lindawewa,Lindawewa,,,,,Lindawewa,Oolukarada,Enamalpotha Handiya,Enamalpotha Handiya,Enamalpotha Handiya,,Awudangawa,Kolombaawa,Kolombaawa,Buulagama,Kolombaawa,Kolombaawa,Kolombaawa,Watawala Sinhala Vidyalaya
87,598,,Kamburupitiya Police,,,,,,,,,,,98 KM Post,30th Junction,30th Junction,30th Junction,,,,,30th Junction,Miriswatta 2,Kahatagollewa Bridge,Kahatagollewa Bridge,Kahatagollewa Bridge,,Hiriwadunna School Halt,Kekirawa,Kekirawa,Kitulhitiyawa,Kekirawa,Kekirawa,Kekirawa,Rossella
88,605,,Kamburupitiya Bus Stand,,,,,,,,,,,99 KM Post,Nochchiyagama,Nochchiyagama,Nochchiyagama,,,,,Nochchiyagama,Thonigala,Udu Dumbara,Udu Dumbara,Udu Dumbara,,Habarana,Deport Junction,Deport Junction,Bodhiya Junction,Deport Junction,Deport Junction,Shasthraweliya,Kuilwatte
89,610,,,,,,,,,,,,,Galwanguwa,Mudithaagama,Mudithaagama,Mudithaagama,,,,,Mudithaagama,Maradankadawala,,,,,Sigiriya Junction,Oolukarada,Oolukarada,Madatugama,Oolukarada,Oolukarada,Ihalagama,Woodland Bazaar
90,618,,,,,,,,,,,,,Udagama Handiya,Sinharagama Handiya,Sinharagama Handiya,Sinharagama Handiya,,,,,Sinharagama Handiya,Ulankulama,Kowilmada Tobacco Warehouse,Kowilmada Tobacco Warehouse,Kowilmada Tobacco Warehouse,Somawathiya,,Miriswatta 2,Miriswatta 2,Kotaagala,Miriswatta 2,Miriswatta 2,Maduperumagama,Dimale
91,623,,,,,,,,,,,,,Embilipitiya Bus Stand,Othappuwa Handiya,Othappuwa Handiya,Othappuwa Handiya,,,,,Othappuwa Handiya,Periyakulama,,,,,Moragaswewa,Thonigala,Thonigala,Kailapathana Junction,Thonigala,Thonigala,Hiripitiyagama,Malliyapu Junction
92,630,,,,,,,,,,,,,1st Post Bo Tree,Galayaya Handiya,Galayaya Handiya,Galayaya Handiya,,,,,Galayaya Handiya,Wanamal Uyana,,,,,,Maradankadawala,Maradankadawala,Elagamuwa,Maradankadawala,Maradankadawala,Kunchikulama,Hatton
93,636,,,,,,,,,,,,,Moraketiya School Halt,38th Junction,38th Junction,38th Junction,,,,,38th Junction,Kandupagama Handiya,Thammatiyana,Thammatiyana,Thammatiyana,,Ambagasawewa,Ulankulama,Ulankulama,Korasgala,Ulankulama,Ulankulama,Ganthiriyagama,
94,643,,,,,,,,,,,,,3rd Milepost,Mahabulankulama,Mahabulankulama,Mahabulankulama,,,,,Mahabulankulama,Alisthaana,,,,,,Periyakulama,Periyakulama,Kolombaawa,Periyakulama,Periyakulama,Goonapathirawa,
95,648,,,,,,,,,,,,,Moraketiya Handiya,Ulukkulama,Ulukkulama,Ulukkulama,,,,,Ulukkulama,Thirappane,Pooppitiya Handiya,Pooppitiya Handiya,Pooppitiya Handiya,,,Wanamal Uyana,Wanamal Uyana,Kekirawa,Wanamal Uyana,Wanamal Uyana,Maha Iluppallama,
96,656,,,,,,,,,,,,,Mahaanaaga School Halt,Korakahawewa,Korakahawewa,Korakahawewa,,,,,Korakahawewa,117KM Post,,,,,,Kandupagama Handiya,Kandupagama Handiya,Deport Junction,Kandupagama Handiya,Kandupagama Handiya,Kale Diwulwewa,
97,661,,,,,,,,,,,,,Uurusitana Dam,Panndulagama Army Camp,Panndulagama Army Camp,Panndulagama Army Camp,,,,,Panndulagama Army Camp,Gdhanikkulama,,,,,,Alisthaana,Alisthaana,Oolukarada,Alisthaana,Alisthaana,Galmaduwa Handiya,
98,667,,,,,,,,,,,,,Hathporuwa Handiya,Kurunegala Junction,Kurunegala Junction,Kurunegala Junction,,,,,Kurunegala Junction,,,,,,Batu Oya,Thirappane,Thirappane,Miriswatta 2,Thirappane,Thirappane,Andagala Handiya,
99,674,,,,,,,,,,,,,Weeriyagama,Anuradhapura Old Bus Stand,Anuradhapura Old Bus Stand,Anuradhapura Old Bus Stand,,,,,Anuradhapura Old Bus Stand,Galkulama 2,Gurulupotha School Halt,Gurulupotha School Halt,Gurulupotha School Halt,,Minneriya Railway Station,117KM Post,117KM Post,Thonigala,117KM Post,117KM Post,Katiyaawa Handiya,
100,679,,,,,,,,,,,,,10th Milepost,Anuradhapura New Bus Stand,Anuradhapura New Bus Stand,Anuradhapura New Bus Stand,,,,,Anuradhapura New Bus Stand,Siyambalagaswewa,Ranthalla Waterfall Rd,Ranthalla Waterfall Rd,Ranthalla Waterfall Rd,,,Gdhanikkulama,Gdhanikkulama,Maradankadawala,Gdhanikkulama,Gdhanikkulama,Eppawala,
101,687,,,,,,,,,,,,,Galwewa Handiya,Yaapanaya Handiya,Yaapanaya Handiya,Yaapanaya Handiya,,,,,Yaapanaya Handiya,Wewaldigiliya Handiya,65/5 Bridge,65/5 Bridge,65/5 Bridge,,Minneriya,,,Ulankulama,,,Palugaswewa,
102,692,,,,,,,,,,,,,Sooriyawewa,2nd Milepost,2nd Milepost,2nd Milepost,,,,,2nd Milepost,128KM Post,Ududaawa,Ududaawa,Ududaawa,,Rajaela Junction,Galkulama 2,Galkulama 2,Periyakulama,Galkulama 2,Galkulama 2,Sandaresgama,
103,699,,,,,,,,,,,,,,Saaliyapura Army Camp,Saaliyapura Army Camp,Saaliyapura Army Camp,,,,,Saaliyapura Army Camp,Thapowanaya,Hasalaka,Hasalaka,Hasalaka,,CP Pura,Nachchaduwa Handiya,Siyambalagaswewa,Wanamal Uyana,Siyambalagaswewa,Siyambalagaswewa,Ihalawewa ,
104,705,,,,,,,,,,,,,,Maankadawala,Maankadawala,Maankadawala,,,,,Maankadawala,Mihintale,Pallewatta School Halt,Pallewatta School Halt,Pallewatta School Halt,,Giritale Tank,Kawarakkulama Handiya,Wewaldigiliya Handiya,Kandupagama Handiya,Wewaldigiliya Handiya,Wewaldigiliya Handiya,Kiralogama,
105,712,,,,,,,,,,,,,,Parasangahawewa,Parasangahawewa,Parasangahawewa,,,,,Parasangahawewa,University of Rajarata Hostel,Paalam Handiya,Paalam Handiya,Paalam Handiya,,Giritale Gam School,Kaleththewa ,128KM Post,Alisthaana,128KM Post,128KM Post,,
106,717,,,,,,,,,,,,,,Gooneewa Handiya,Gooneewa Handiya,Gooneewa Handiya,,,,,Gooneewa Handiya,Doramadalawa Handiya,Mahiyanganaya,Mahiyanganaya,Mahiyanganaya,,Jayanthipura Junction,Kurundankulama,Thapowanaya,Thirappane,Thapowanaya,Thapowanaya,Batuwatta,
107,725,,,,,,,,,,,,,,Rambawewa,Rambawewa,Rambawewa,,,,,Rambawewa,Yaya 2 Handiya,Mahiyanganaya Hospital,Ashokaramaya,Mahiyanganaya Hospital,,Nikawewa,,Mihintale,117KM Post,Mihintale,Mihintale,Talawa,
108,730,,,,,,,,,,,,,,Rambewa,Rambewa,Rambewa,,,,,Rambewa,Walekade Handiya,Dambarawa School Halt,2 Handiya Bridge,Dambarawa School Halt,,Badiwewa,,University of Rajarata Hostel,Gdhanikkulama,University of Rajarata Hostel,University of Rajarata Hostel,Moragoda,
109,737,,,,,,,,,,,,,,Weelioya Handiya,Weelioya Handiya,Weelioya Handiya,,,,,Weelioya Handiya,Rambewa,,Thalangamuwa Handiya,,,Gal Viharaya Junction,Yapanaya Handiya,Doramadalawa Handiya,,Doramadalawa Handiya,Doramadalawa Handiya,New Water Tank,
110,743,,,,,,,,,,,,,,Ikirigollewa,Ikirigollewa,Ikirigollewa,,,,,Ikirigollewa,Weelioya Handiya,,Nidangala,,,Polonnaruwa,Anuradhapura Old Bus Stand,Yaya 2 Handiya,Galkulama 2,Yaya 2 Handiya,Yaya 2 Handiya,Aluthwewa,
111,750,,,,,,,,,,,,,,Wahamalugollewa,Wahamalugollewa,Wahamalugollewa,,,,,Wahamalugollewa,Ikirigollewa,Maapankada,Aluththarama,Maapankada,,,Anuradhapura New Bus Stand,Walekade Handiya,Siyambalagaswewa,Walekade Handiya,Walekade Handiya,Shrawasthipura,
112,756,,,,,,,,,,,,,,Sangilikanadarawa,Sangilikanadarawa,Sangilikanadarawa,,,,,Sangilikanadarawa,Wahamalugollewa,,Bathalayaya Handiya,,,,,Rambewa,Wewaldigiliya Handiya,Rambewa,Rambewa,Pahe Ela,
113,763,,,,,,,,,,,,,,Medawachchiya,Medawachchiya,Medawachchiya,,,,,Medawachchiya,Sangilikanadarawa,Mada Yaya,Giraalagolla,Mada Yaya,,,,Weelioya Handiya,128KM Post,Weelioya Handiya,Weelioya Handiya,Kurunegala Junction,
114,768,,,,,,,,,,,,,,Medawachchiya Bus Stand,Medawachchiya Bus Stand,Medawachchiya Bus Stand,,,,,Medawachchiya Bus Stand,Medawachchiya,,Mallaththawa School Halt,,,,,Ikirigollewa,Thapowanaya,Ikirigollewa,Ikirigollewa,Anuradhapura Old Bus Stand,
115,776,,,,,,,,,,,,,,,,Kebithigollewa Junction,,,,,Kebithigollewa Junction,Medawachchiya Bus Stand,Aanda Ulpatha,Girandurukotte,Aanda Ulpatha,,,,Wahamalugollewa,Mihintale,Wahamalugollewa,Wahamalugollewa,Anuradhapura New Bus Stand,
116,781,,,,,,,,,,,,,,Medawachchiya Railway Station,Medawachchiya Railway Station,Ihalathammannwa,,,,,Ihalathammannwa,Kebithigollewa Junction,,Hobariyawa,Bubula,,,,Sangilikanadarawa,University of Rajarata Hostel,Sangilikanadarawa,Sangilikanadarawa,Yaapanaya Handiya,
117,788,,,,,,,,,,,,,,Kadawathgama,Kadawathgama,3KM Post,,,,,3KM Post,Isinbessagala,Uuraniya Hospital,Belaganwewa Handiya,Kuruwitanna School Halt,,,,Medawachchiya,Doramadalawa Handiya,Medawachchiya,Medawachchiya,2nd Milepost,
118,794,,,,,,,,,,,,,,7KM Post,7KM Post,Mahadiwulwewa,,,,,Mahadiwulwewa,Pillayar Kovil,Ridimaliyadda,Theldeniyaya Handiya,Dambagahapitiya,,,,Medawachchiya Bus Stand,Yaya 2 Handiya,Medawachchiya Bus Stand,Medawachchiya Bus Stand,Saaliyapura Army Camp,
119,799,,,,,,,,,,,,,,Rambakulama ,Rambakulama ,Ateweeragollewa,,,,,Ateweeragollewa,Navy Camp,Kandegama,Diyawiddagama Handiya,,,,,Kebithigollewa Junction,Walekade Handiya,,Kebithigollewa Junction,Maankadawala,
120,806,,,,,,,,,,,,,,Yakawewa,Yakawewa,Kumbukgollewa,,,,,Kumbukgollewa,Poonewa,,Nawa Madagama,Puunage River,,,,Isinbessagala,Rambewa,Medawachchiya Railway Station,Isinbessagala,Parasangahawewa,
121,812,,,,,,,,,,,,,,Peekupu Idam,Peekupu Idam,Athaakada,,,,,Athaakada,Siyambalagaswewa 2,Haapola Handiya,Kudagama,Elapara Handiya,,,,Pillayar Kovil,Weelioya Handiya,Kadawathgama,Pillayar Kovil,Gooneewa Handiya,
122,819,,,,,,,,,,,,,,Maankulam,Maankulam,14th Milepost,,,,,14th Milepost,Mahakumbukgollewa,Malllahawa Handiya,Kudaoya Bridge,Buddankotte,,,,Navy Camp,Ikirigollewa,7KM Post,Navy Camp,Rambawewa,
123,825,,,,,,,,,,,,,,Neriyakulam,Neriyakulam,Irallugama Handiya,,,,,Irallugama Handiya,Galkandegama 2,,,,,,,Poonewa,Wahamalugollewa,Rambakulama ,Poonewa,Rambewa,
124,832,,,,,,,,,,,,,,Thanthirimale Junction,Thanthirimale Junction,18th Milepost,,,,,18th Milepost,Galkundamadu Handiya,Waagama,Sandunpura Army Camp,Karamatiya Ayurweda Hospital,,,,Siyambalagaswewa 2,Sangilikanadarawa,Yakawewa,Siyambalagaswewa 2,Weelioya Handiya,
125,837,,,,,,,,,,,,,,Mudaliyaarkulam,Mudaliyaarkulam,Goonamariyawa,,,,,Goonamariyawa,Irattiperiyamkulama,,Damunnaruwa Bridge,Karamatiya,,,,Mahakumbukgollewa,Medawachchiya,Peekupu Idam,Mahakumbukgollewa,Ikirigollewa,
126,845,,,,,,,,,,,,,,Muhaththaankulam,Muhaththaankulam,22nd Milepost,,,,,22nd Milepost,Muundruiyrippu,Bibila,Muwagammana Bridge,Balagolla School Halt,,,,Galkandegama 2,Medawachchiya Bus Stand,Maankulam,Galkandegama 2,Wahamalugollewa,
127,850,,,,,,,,,,,,,,Cheddikulam,Cheddikulam,24th Milepost,,,,,24th Milepost,Vavuniya,,Dehiattakandiya,Balagolla ,,,,Galkundamadu Handiya,Kebithigollewa Junction,Neriyakulam,Galkundamadu Handiya,Sangilikanadarawa,
128,857,,,,,,,,,,,,,,27KM Post,27KM Post,Kebithigollewa,,,,,Kebithigollewa,Department of Agriculture,Naagala Temple,,Aarawa Handiya,,,,Irattiperiyamkulama,Isinbessagala,Thanthirimale Junction,Irattiperiyamkulama,Medawachchiya,
129,863,,,,,,,,,,,,,,Kallarupalama,Kallarupalama,Ihalagama Handiya,,,,,Ihalagama Handiya,Thaandikulam,Buudolu Oya,,Meegahakiula,,,,Muundruiyrippu,Pillayar Kovil,Mudaliyaarkulam,Muundruiyrippu,Medawachchiya Bus Stand,
130,870,,,,,,,,,,,,,,32KM Post,32KM Post,Galkandegama,,,,,Galkandegama,Kokeliya Gammana Para,Pokunnehewa Temple,,,,,,Vavuniya,Navy Camp,Muhaththaankulam,Vavuniya,Kebithigollewa Junction,
131,875,,,,,,,,,,,,,,Andiyapuliyankulam,Andiyapuliyankulam,Mahanatiyawa,,,,,Mahanatiyawa,Pudiya Sinnakulam Junction,Wila Athigoda Temple,,,,,,Department of Agriculture,Poonewa,Cheddikulam,Department of Agriculture,Ihalathammannwa,
132,883,,,,,,,,,,,,,,Uuthadi,Uuthadi,Galawewa,,,,,Galawewa,Omanthai 187KM Post,Pitakumbura,,,,,,Thaandikulam,Siyambalagaswewa 2,27KM Post,Thaandikulam,3KM Post,
133,888,,,,,,,,,,,,,,Periyakaaddu,Periyakaaddu,Thiththagoonewa Handiya,,,,,Thiththagoonewa Handiya,Omanthai Co-Op,,,,,,,Kokeliya Gammana Para,Mahakumbukgollewa,Kallarupalama,Kokeliya Gammana Para,Mahadiwulwewa,
134,895,,,,,,,,,,,,,,41KM Post,41KM Post,Thammannawa,,,,,Thammannawa,Omanthai Madya Maha Vidyalaya,,,,,,,Pudiya Sinnakulam Junction,Galkandegama 2,32KM Post,Pudiya Sinnakulam Junction,Ateweeragollewa,
135,901,,,,,,,,,,,,,,Parayanaarankulam,Parayanaarankulam,,,,,,,Omanthai Checkpoint,Serawa School Halt,,,,,,Omanthai 187KM Post,Galkundamadu Handiya,Andiyapuliyankulam,Omanthai 187KM Post,Kumbukgollewa,
136,908,,,,,,,,,,,,,,Kunchikulam Junction,Kunchikulam Junction,Herath Halmillewa,,,,,Herath Halmillewa,194KM Post,Peerana Handiya,,,,,,Omanthai Co-Op,Irattiperiyamkulama,Uuthadi,Omanthai Co-Op,Athaakada,
137,914,,,,,,,,,,,,,,Madu Road,Madu Road,Kahatagollewa,,,,,Kahatagollewa,Pandikeyidakulam,,,,,,,Omanthai Madya Maha Vidyalaya,Muundruiyrippu,Periyakaaddu,Omanthai Madya Maha Vidyalaya,14th Milepost,
138,921,,,,,,,,,,,,,,49KM Post,49KM Post,Galpiyuma,,,,,Galpiyuma,Puliyankulam Filling Station,Gamanawa Temple,,,,,,Omanthai Checkpoint,Vavuniya,41KM Post,Omanthai Checkpoint,Irallugama Handiya,
139,926,,,,,,,,,,,,,,Kaddei Adampei,Kaddei Adampei,,,,,,,Puliyankulam 200KM Post,Bulupitiya,,,,,,194KM Post,Department of Agriculture,Parayanaarankulam,194KM Post,18th Milepost,
140,932,,,,,,,,,,,,,,Pannawadduwaan,Pannawadduwaan,Bellan kadawala,,,,,Bellan kadawala,Puliyankulam (Nadunkeerthi Rd),Karaabugala,,,,,,Pandikeyidakulam,Thaandikulam,Kunchikulam Junction,Pandikeyidakulam,Goonamariyawa,
141,939,,,,,,,,,,,,,,,,,,,,,,Murandu Murippukulam,Maakada Kanda,,,,,,Puliyankulam Filling Station,Kokeliya Gammana Para,Madu Road,Puliyankulam Filling Station,22nd Milepost,
142,944,,,,,,,,,,,,,,Galkadandakulam,Galkadandakulam,Aluth Halmillewa,,,,,Boralu Kanda,Parasankulam,,,,,,,Puliyankulam 200KM Post,Pudiya Sinnakulam Junction,49KM Post,Puliyankulam 200KM Post,24th Milepost,
143,952,,,,,,,,,,,,,,Murunkan,Murunkan,Ruwanpura,,,,,Padaviya Junction,Puduwuur Junction,Ranthurugala Temple,,,,,,Puliyankulam (Nadunkeerthi Rd),Omanthai 187KM Post,Kaddei Adampei,Puliyankulam (Nadunkeerthi Rd),Kebithigollewa,
144,957,,,,,,,,,,,,,,Semmantheew,Semmantheew,Sorowwa Junction,,,,,A Yaya,Kanagaraajakulam Kovil,Ranthurugala Clinic,,,,,,Murandu Murippukulam,Omanthai Co-Op,Pannawadduwaan,Murandu Murippukulam,Ihalagama Handiya,
145,964,,,,,,,,,,,,,,Agathikaali Junction,Agathikaali Junction,Mahasenpura,,,,,B Yaya,Kanagaraajakulam Madya Vidyalaya,Galgamuwa Temple,,,,,,Parasankulam,Omanthai Madya Maha Vidyalaya,,Parasankulam,Galkandegama,
146,970,,,,,,,,,,,,,,Uyintharaasankulam,Uyintharaasankulam,6th Milepost,,,,,Wellangas Junction,Kanagaraajakulam Health Center,Mullegama Purana Viharaya,,,,,,Puduwuur Junction,Omanthai Checkpoint,Galkadandakulam,Puduwuur Junction,Mahanatiyawa,
147,977,,,,,,,,,,,,,,Parappannkandal,Parappannkandal,Old Medawachchiya ,,,,,,Periyakulam Tamil Madya Vidyalaya,Rathmalagaha Ella,,,,,,Kanagaraajakulam Kovil,194KM Post,Murunkan,Kanagaraajakulam Kovil,Galawewa,
148,983,,,,,,,,,,,,,,Uyilankulam,Uyilankulam,Eramaduwewa,,,,,Parakramapura,Mannakulam Junction,Mullegama,,,,,,Kanagaraajakulam Madya Vidyalaya,Pandikeyidakulam,Semmantheew,Kanagaraajakulam Madya Vidyalaya,Thiththagoonewa Handiya,
149,990,,,,,,,,,,,,,,Nochchikulam,Nochchikulam,10th Milepost,,,,,Maithree Mawatha,Telecommunication Tower,,,,,,,Kanagaraajakulam Health Center,Puliyankulam Filling Station,Agathikaali Junction,Kanagaraajakulam Health Center,Thammannawa,
150,995,,,,,,,,,,,,,,Seerunawalkulam,Seerunawalkulam,,,,,,Thonigala,Kunchikulam 221KM Post,,,,,,,Periyakulam Tamil Madya Vidyalaya,Puliyankulam 200KM Post,Uyintharaasankulam,Periyakulam Tamil Madya Vidyalaya,,
151,1003,,,,,,,,,,,,,,Thiruketheeswaram,Thiruketheeswaram,Shaanthipura,,,,,Galkulama,Maankulam (Mullaitivu Rd),,,,,,,Mannakulam Junction,Puliyankulam (Nadunkeerthi Rd),Parappannkandal,Mannakulam Junction,Herath Halmillewa,
152,1008,,,,,,,,,,,,,,Mullapallawi,Mullapallawi,,,,,,Galkulama Junction,Maankulam Madya Vidyalaya,,,,,,,Telecommunication Tower,Murandu Murippukulam,Uyilankulam,Telecommunication Tower,Kahatagollewa,
153,1015,,,,,,,,,,,,,,Waankaalei Junction,Waankaalei Junction,,,,,,Palugas Junction,,,,,,,,Kunchikulam 221KM Post,Parasankulam,Nochchikulam,Kunchikulam 221KM Post,Galpiyuma,
154,1021,,,,,,,,,,,,,,Thaladi Junction,Thaladi Junction,Pulmoddai Police,,,,,Sri Pura,Panikkaankulam Tamil Madya Vidyalaya,Pitawaana,,,,,,Maankulam (Mullaitivu Rd),Puduwuur Junction,Seerunawalkulam,Maankulam (Mullaitivu Rd),,
155,1028,,,,,,,,,,,,,,83KM Post,83KM Post,Pulmoddai,,,,,,,Namal Oya,,,,,,Maankulam Madya Vidyalaya,Kanagaraajakulam Kovil,Thiruketheeswaram,Maankulam Madya Vidyalaya,Bellan kadawala,
156,1033,,,,,,,,,,,,,,Mannar,Mannar,,,,,,,,Namal Oya Junction,,,,,,,Kanagaraajakulam Madya Vidyalaya,Mullapallawi,,,
157,1041,,,,,,,,,,,,,,,Periyakaamam,,,,,,,,Namalthalawa,,,,,,Panikkaankulam Tamil Madya Vidyalaya,Kanagaraajakulam Health Center,Waankaalei Junction,Panikkaankulam Tamil Madya Vidyalaya,Boralu Kanda,
158,1046,,,,,,,,,,,,,,,89KM Post,,,,,,,Palayamurugandi Kovil,Galwanguwa,,,,,,,Periyakulam Tamil Madya Vidyalaya,Thaladi Junction,,Padaviya Junction,
159,1053,,,,,,,,,,,,,,,Tharapuram Junction,,,,,,,,,,,,,,,Mannakulam Junction,83KM Post,,A Yaya,
160,1059,,,,,,,,,,,,,,,Erikkulampitiya Junction,,,,,,,Kokavil,Pollwatta Handiya,,,,,,,Telecommunication Tower,Mannar,,B Yaya,
161,1066,,,,,,,,,,,,,,,Puthukkudiyiruppu,,,,,,,,Cattle Farm,,,,,,Palayamurugandi Kovil,Kunchikulam 221KM Post,,Palayamurugandi Kovil,Wellangas Junction,
162,1072,,,,,,,,,,,,,,,Olaiththoduvai Junction,,,,,,,Murugandi Kovil,Wawinna,,,,,,,Maankulam (Mullaitivu Rd),,,,
163,1077,,,,,,,,,,,,,,,Karaisal,,,,,,,Faculty of Agriculture,Paragahakale,,,,,,Kokavil,Maankulam Madya Vidyalaya,,Kokavil,Parakramapura,
164,1084,,,,,,,,,,,,,,,Siruththoppu,,,,,,,Iranamadu Junction,Boogas Handiya,,,,,,,,,,Track 6,
165,1090,,,,,,,,,,,,,,,Pesalai,,,,,,,Kilinochchi,Kondawattawaan Camp,,,,,,Murugandi Kovil,Panikkaankulam Tamil Madya Vidyalaya,,Murugandi Kovil,Welioya Army Camp,
166,1097,,,,,,,,,,,,,,,Thullukudiyiruppu,,,,,,,Kilinochchi District Hospital,Ampara,,,,,,Faculty of Agriculture,,,Faculty of Agriculture,,
167,1102,,,,,,,,,,,,,,,Nadukkuda Junction,,,,,,,Kilinochchi Water Tank,,,,,,,Iranamadu Junction,,,Iranamadu Junction,Nikawewa Handiya,
168,1110,,,,,,,,,,,,,,,Keeliyan Kudiyiruppu,,,,,,,Karadipork Junction,Timber Cooperation,,,,,,Kilinochchi,,,Kilinochchi,Ethawatunuwewa Maha Vidyalaya,
169,1115,,,,,,,,,,,,,,,Paridipannei,,,,,,,,Ampara Bus Stand,,,,,,Kilinochchi District Hospital,Palayamurugandi Kovil,,Kilinochchi District Hospital,Nikawewa,
170,1122,,,,,,,,,,,,,,,Kaddukarankudiyiruppu,,,,,,,Paranthan,,,,,,,Kilinochchi Water Tank,,,Kilinochchi Water Tank,,
171,1128,,,,,,,,,,,,,,,Talaimannar Village Junction,,,,,,,Umayaanpuram Grama Niladari Office,,,,,,,Karadipork Junction,Kokavil,,Karadipork Junction,Sapaththu Palama,
172,1135,,,,,,,,,,,,,,,Talaimannar Pier,,,,,,,Umayaanpuram Kovil,,,,,,,,,,,Kalyanipura Handiya,
173,1141,,,,,,,,,,,,,,,,,,,,,,,,,,,,,Paranthan,Murugandi Kovil,,Paranthan,Ahatugaswewa,
174,1148,,,,,,,,,,,,,,,,,,,,,,Elephant Pass Gamini Kularathne Memorial,,,,,,,Umayaanpuram Grama Niladari Office,Faculty of Agriculture,,Umayaanpuram Grama Niladari Office,Kiri Ibbanwewa Temple,
175,1153,,,,,,,,,,,,,,,,,,,,,,Elephant Pass Army Memorials,,,,,,,Umayaanpuram Kovil,Iranamadu Junction,,Umayaanpuram Kovil,Kiri Ibbanwewa 1,
176,1161,,,,,,,,,,,,,,,,,,,,,,,,,,,,,,Kilinochchi,,,Kiri Ibbanwewa 2,
177,1166,,,,,,,,,,,,,,,,,,,,,,Ayiyakachchi Tamil Madya Vidyalaya,,,,,,,Elephant Pass Gamini Kularathne Memorial,Kilinochchi District Hospital,,Elephant Pass Gamini Kularathne Memorial,Pansal Godella Camp,
178,1173,,,,,,,,,,,,,,,,,,,,,,,,,,,,,Elephant Pass Army Memorials,Kilinochchi Water Tank,,Elephant Pass Army Memorials,Pansal Godella 1,
179,1179,,,,,,,,,,,,,,,,,,,,,,Pudukaadu Junction,,,,,,,,Karadipork Junction,,,Pansal Godella 2,
180,1186,,,,,,,,,,,,,,,,,,,,,,,,,,,,,Ayiyakachchi Tamil Madya Vidyalaya,,,Ayiyakachchi Tamil Madya Vidyalaya,Pansal Godella 3,
181,1191,,,,,,,,,,,,,,,,,,,,,,Palei,,,,,,,,Paranthan,,,Pansal Godella 4,
182,1199,,,,,,,,,,,,,,,,,,,,,,Palei Marketplace,,,,,,,Pudukaadu Junction,Umayaanpuram Grama Niladari Office,,Pudukaadu Junction,Pansal Godella 5,
183,1024,,,,,,,,,,,,,,,,,,,,,,,,,,,,,,Umayaanpuram Kovil,,,Kohombagas Handiya,
184,1012,,,,,,,,,,,,,,,,,,,,,,Muhamalai,,,,,,,Palei,,,Palei,Kohombagas Handiya Gamunu Regement,
185,1217,,,,,,,,,,,,,,,,,,,,,,Muhamalai Stop,,,,,,,Palei Marketplace,Elephant Pass Gamini Kularathne Memorial,,Palei Marketplace,Kohombagas Handiya 2,
186,1222,,,,,,,,,,,,,,,,,,,,,,,,,,,,,,Elephant Pass Army Memorials,,,Kohombagas Handiya 3,
187,1230,,,,,,,,,,,,,,,,,,,,,,Aasai Pillei Eeththam,,,,,,,Muhamalai,,,Muhamalai,Kohombagas Handiya 4,
188,1235,,,,,,,,,,,,,,,,,,,,,,Miriswill,,,,,,,Muhamalai Stop,Ayiyakachchi Tamil Madya Vidyalaya,,Muhamalai Stop,Nayaru Lagoon 1,
189,1242,,,,,,,,,,,,,,,,,,,,,,Kodikamam Town,,,,,,,,,,,Gurukanda Purana Rajamaha Viharaya,
190,1248,,,,,,,,,,,,,,,,,,,,,,Kodikamam Murugan Kovil,,,,,,,Aasai Pillei Eeththam,Pudukaadu Junction,,Aasai Pillei Eeththam,593 Brigade Headquarters,
191,1255,,,,,,,,,,,,,,,,,,,,,,Puththur,,,,,,,Miriswill,,,Miriswill,x4,
192,1260,,,,,,,,,,,,,,,,,,,,,,Arasadi Junction,,,,,,,Kodikamam Town,Palei,,Kodikamam Town,x5,
193,1268,,,,,,,,,,,,,,,,,,,,,,Chavakachcheri,,,,,,,Kodikamam Murugan Kovil,Palei Marketplace,,,x6,
194,1273,,,,,,,,,,,,,,,,,,,,,,Chavakachcheri Aiiyar Rd,,,,,,,Puththur,,,,Nayaru Lagoon 2,
195,1280,,,,,,,,,,,,,,,,,,,,,,Chavakachcheri Police Station,,,,,,,Arasadi Junction,Muhamalai,,,Mullaitivu,
196,1286,,,,,,,,,,,,,,,,,,,,,,Kaithady Bridge,,,,,,,Chavakachcheri,Muhamalai Stop,,,Alampil Army Camp,
197,1293,,,,,,,,,,,,,,,,,,,,,,Kaithady,,,,,,,Chavakachcheri Aiiyar Rd,,,Thondaimanaru,59 Brigade Headquarters,
198,1299,,,,,,,,,,,,,,,,,,,,,,Navathkuli,,,,,,,Chavakachcheri Police Station,Aasai Pillei Eeththam,,,,
199,1306,,,,,,,,,,,,,,,,,,,,,,Semmani,,,,,,,Kaithady Bridge,Miriswill,,,Silawatta Handiya,
200,1311,,,,,,,,,,,,,,,,,,,,,,Ariyalai Junction,,,,,,,Kaithady,Kodikamam Town,,Nelliady Bus Stand,,
201,1319,,,,,,,,,,,,,,,,,,,,,,Ariyalai,,,,,,,Navathkuli,Kodikamam Murugan Kovil,,,Nandikadal,
202,1324,,,,,,,,,,,,,,,,,,,,,,Jaffna Kachcheri,,,,,,,Semmani,Puththur,,,,
203,1331,,,,,,,,,,,,,,,,,,,,,,Jaffna ,,,,,,,Ariyalai Junction,Arasadi Junction,,Point Pedro,,
204,1337,,,,,,,,,,,,,,,,,,,,,,,,,,,,,Ariyalai,Chavakachcheri,,,,
205,1344,,,,,,,,,,,,,,,,,,,,,,,,,,,,,Jaffna Kachcheri,Chavakachcheri Aiiyar Rd,,,,
206,1349,,,,,,,,,,,,,,,,,,,,,,,,,,,,,Jaffna ,Chavakachcheri Police Station,,,,
207,1355,,,,,,,,,,,,,,,,,,,,,,,,,,,,,,Kaithady Bridge,,,,
208,1362,,,,,,,,,,,,,,,,,,,,,,,,,,,,,,Kaithady,,,,
209,1368,,,,,,,,,,,,,,,,,,,,,,,,,,,,,,Navathkuli,,,,
210,1375,,,,,,,,,,,,,,,,,,,,,,,,,,,,,,Semmani,,,,
211,1380,,,,,,,,,,,,,,,,,,,,,,,,,,,,,,Ariyalai Junction,,,,
212,1388,,,,,,,,,,,,,,,,,,,,,,,,,,,,,,Ariyalai,,,,
213,1393,,,,,,,,,,,,,,,,,,,,,,,,,,,,,,Jaffna Kachcheri,,,,
214,1400,,,,,,,,,,,,,,,,,,,,,,,,,,,,,,Jaffna ,,,,
215,1406,,,,,,,,,,,,,,,,,,,,,,,,,,,,,,Thaddatheru Junction,,,,
216,1413,,,,,,,,,,,,,,,,,,,,,,,,,,,,,,Kulappedi Junction,,,,
217,1418,,,,,,,,,,,,,,,,,,,,,,,,,,,,,,Inuwil Kovil Rd,,,,
218,1426,,,,,,,,,,,,,,,,,,,,,,,,,,,,,,Maradanmadam Junction,,,,
219,1431,,,,,,,,,,,,,,,,,,,,,,,,,,,,,,Chunnakam Bus Stand,,,,
220,1438,,,,,,,,,,,,,,,,,,,,,,,,,,,,,,Mallakam Junction,,,,
221,1444,,,,,,,,,,,,,,,,,,,,,,,,,,,,,,Thellippalai Bus Stand,,,,
